generation,rank,id,target_engine,score_pct,points,games_played,wins,draws,losses,elo,c_puct,puct_temperature,rollout_epsilon,time_budget,max_rollout_depth,use_guided_book,lambda_book,book_mode,book_temperature,use_db
1,1,9,"MCTS_PUCT",76.67,23.0,30,19,8,3,1706.7,2.7579,2.2287,0.3699,0.2000,25,1,0.4969,"OFF",0.0000,1
1,2,10,"MCTS_PUCT",68.33,20.5,30,17,7,6,1633.6,2.8144,1.1142,0.3920,0.2000,29,1,0.7009,"OFF",0.0000,1
1,3,15,"MCTS_PUCT",66.67,20.0,30,17,6,7,1620.4,1.5901,0.6847,0.2659,0.2000,34,1,0.2505,"OFF",0.0000,1
1,4,4,"MCTS_PUCT",63.33,19.0,30,15,8,7,1594.9,2.1384,1.4149,0.3834,0.2000,127,0,0.0000,"BEST",0.0000,1
1,5,6,"MCTS_PUCT",58.33,17.5,30,12,11,7,1558.5,2.0807,1.2342,0.3345,0.2000,144,1,0.8310,"OFF",0.0000,1
1,6,2,"MCTS_PUCT",56.67,17.0,30,13,8,9,1546.6,1.3142,2.0319,0.3695,0.2000,134,1,0.2875,"OFF",0.0000,1
1,7,3,"MCTS_PUCT",53.33,16.0,30,12,8,10,1523.2,1.5866,2.4466,0.4341,0.2000,72,1,0.1268,"OFF",0.0000,1
1,8,7,"MCTS_PUCT",53.33,16.0,30,11,10,9,1523.2,1.4171,2.2155,0.3189,0.2000,106,0,0.0000,"GOOD",2.3154,1
1,9,1,"MCTS_PUCT",48.33,14.5,30,10,9,11,1488.4,2.5939,2.0704,0.0598,0.2000,98,0,0.0000,"BEST",0.0000,1
1,10,0,"MCTS_PUCT",48.33,14.5,30,9,11,10,1488.4,3.1821,1.3406,0.2553,0.2000,70,1,0.7500,"OFF",0.0000,1
1,11,5,"MCTS_PUCT",43.33,13.0,30,9,8,13,1453.4,2.0731,0.7135,0.1507,0.2000,126,1,0.5451,"OFF",0.0000,1
1,12,12,"MCTS_PUCT",41.67,12.5,30,10,5,15,1441.5,3.2237,2.3937,0.0219,0.2000,123,0,0.0000,"ALL",2.1041,1
1,13,13,"MCTS_PUCT",36.67,11.0,30,7,8,15,1405.1,3.9959,2.1670,0.0238,0.2000,124,0,0.0000,"GOOD",0.8255,1
1,14,8,"MCTS_PUCT",33.33,10.0,30,5,10,15,1379.6,1.0770,1.1686,0.3143,0.2000,115,1,0.4117,"OFF",0.0000,1
1,15,14,"MCTS_PUCT",31.67,9.5,30,5,9,16,1366.4,2.0779,0.3213,0.2679,0.2000,69,1,0.6979,"OFF",0.0000,1
1,16,11,"MCTS_PUCT",20.00,6.0,30,3,6,21,1259.2,1.4145,1.2821,0.0475,0.2000,110,1,0.9095,"OFF",0.0000,1
2,1,12,"MCTS_PUCT",81.67,24.5,30,22,5,3,1759.5,2.5857,2.2048,0.3416,0.2000,112,1,0.0791,"OFF",0.0000,0
2,2,6,"MCTS_PUCT",66.67,20.0,30,17,6,7,1620.4,2.9498,2.4138,0.3699,0.2000,25,1,0.4969,"OFF",0.0000,1
2,3,0,"MCTS_PUCT",61.67,18.5,30,14,9,7,1582.6,2.7579,2.2287,0.3699,0.2000,25,1,0.4969,"OFF",0.0000,1
2,4,13,"MCTS_PUCT",61.67,18.5,30,12,13,5,1582.6,1.6459,0.8713,0.3693,0.2000,23,0,0.0000,"OFF",0.0000,1
2,5,8,"MCTS_PUCT",58.33,17.5,30,13,9,8,1558.5,1.7876,2.1063,0.3889,0.2000,72,1,0.6527,"OFF",0.0000,1
2,6,1,"MCTS_PUCT",53.33,16.0,30,11,10,9,1523.2,2.8144,1.1142,0.3920,0.2000,29,1,0.7009,"OFF",0.0000,1
2,7,5,"MCTS_PUCT",51.67,15.5,30,12,7,11,1511.6,2.7803,1.4411,0.3679,0.2000,39,1,0.4747,"OFF",0.0000,1
2,8,3,"MCTS_PUCT",50.00,15.0,30,10,10,10,1500.0,1.5490,0.6374,0.3618,0.2000,46,0,0.0000,"OFF",0.0000,1
2,9,14,"MCTS_PUCT",46.67,14.0,30,11,6,13,1476.8,1.5992,1.4630,0.3243,0.2000,57,1,0.2619,"OFF",0.0000,1
2,10,9,"MCTS_PUCT",46.67,14.0,30,8,12,10,1476.8,2.9811,1.4426,0.3492,0.2000,70,1,0.2172,"OFF",0.0000,1
2,11,2,"MCTS_PUCT",45.00,13.5,30,10,7,13,1465.1,2.1795,1.4622,0.2975,0.2000,115,0,0.0000,"BEST",0.0000,1
2,12,4,"MCTS_PUCT",38.33,11.5,30,7,9,14,1417.4,1.0545,1.9562,0.3163,0.2000,101,1,0.4339,"OFF",0.0000,1
2,13,7,"MCTS_PUCT",38.33,11.5,30,6,11,13,1417.4,2.0731,0.7135,0.1507,0.2000,135,1,0.5451,"OFF",0.0000,1
2,14,10,"MCTS_PUCT",35.00,10.5,30,6,9,15,1392.5,2.9779,1.1115,0.2467,0.2000,51,1,0.5496,"OFF",0.0000,1
2,15,15,"MCTS_PUCT",35.00,10.5,30,6,9,15,1392.5,1.6303,1.2536,0.3110,0.2000,111,0,0.0000,"OFF",0.0000,1
2,16,11,"MCTS_PUCT",30.00,9.0,30,8,2,20,1352.8,2.0677,0.8735,0.3187,0.2000,113,1,0.6964,"OFF",0.0000,1
3,1,4,"MCTS_PUCT",76.67,23.0,30,18,10,2,1706.7,2.0728,2.1051,0.3721,0.2000,85,1,0.4532,"OFF",0.0000,0
3,2,0,"MCTS_PUCT",68.33,20.5,30,17,7,6,1633.6,2.5857,2.2048,0.3416,0.2000,112,1,0.0791,"OFF",0.0000,0
3,3,9,"MCTS_PUCT",65.00,19.5,30,15,9,6,1607.5,2.8125,2.6854,0.4135,0.2000,25,1,0.4886,"OFF",0.0000,1
3,4,1,"MCTS_PUCT",60.00,18.0,30,9,18,3,1570.4,2.9498,2.4138,0.3699,0.2000,25,1,0.4969,"OFF",0.0000,1
3,5,6,"MCTS_PUCT",53.33,16.0,30,13,6,11,1523.2,1.5469,0.5785,0.3535,0.2000,57,0,0.0000,"OFF",0.0000,1
3,6,14,"MCTS_PUCT",51.67,15.5,30,9,13,8,1511.6,1.9408,1.4728,0.3685,0.2000,29,1,0.0967,"OFF",0.0000,1
3,7,7,"MCTS_PUCT",50.00,15.0,30,8,14,8,1500.0,2.9832,1.5015,0.3575,0.2000,59,1,0.0213,"OFF",0.0000,1
3,8,12,"MCTS_PUCT",48.33,14.5,30,11,7,12,1488.4,1.7984,1.7047,0.3631,0.2000,100,1,0.4575,"OFF",0.0000,1
3,9,5,"MCTS_PUCT",48.33,14.5,30,9,11,10,1488.4,2.3005,2.2060,0.3585,0.2000,99,1,0.2785,"OFF",0.0000,1
3,10,2,"MCTS_PUCT",46.67,14.0,30,10,8,12,1476.8,1.6096,1.4981,0.3461,0.2000,45,1,0.1674,"OFF",0.0000,1
3,11,3,"MCTS_PUCT",46.67,14.0,30,9,10,11,1476.8,1.6354,0.8362,0.3475,0.2000,35,1,0.1591,"OFF",0.0000,1
3,12,11,"MCTS_PUCT",46.67,14.0,30,8,12,10,1476.8,1.5724,0.9375,0.3313,0.2000,48,0,0.0000,"OFF",0.0000,1
3,13,15,"MCTS_PUCT",45.00,13.5,30,9,9,12,1465.1,2.3675,0.8396,0.3398,0.2000,27,0,0.0000,"OFF",0.0000,1
3,14,8,"MCTS_PUCT",45.00,13.5,30,9,9,12,1465.1,2.9176,1.4171,0.3682,0.2000,39,1,0.4829,"OFF",0.0000,1
3,15,10,"MCTS_PUCT",38.33,11.5,30,8,7,15,1417.4,1.5757,1.0341,0.3549,0.2000,55,1,0.0000,"OFF",0.0000,1
3,16,13,"MCTS_PUCT",10.00,3.0,30,1,4,25,1118.3,0.7778,2.0721,0.3614,0.2000,73,1,0.6291,"OFF",0.0000,1
4,1,14,"MCTS_PUCT",75.00,22.5,30,18,9,3,1690.8,1.5752,1.0843,0.3424,0.2000,46,1,0.1649,"OFF",0.0000,0
4,2,4,"MCTS_PUCT",73.33,22.0,30,15,14,1,1675.7,2.7183,2.1719,0.3470,0.2000,27,1,0.3408,"OFF",0.0000,0
4,3,3,"MCTS_PUCT",71.67,21.5,30,14,15,1,1661.2,2.6528,2.4414,0.3558,0.2000,60,1,0.3536,"OFF",0.0000,0
4,4,1,"MCTS_PUCT",66.67,20.0,30,15,10,5,1620.4,2.5857,2.2048,0.3416,0.2000,112,1,0.0791,"OFF",0.0000,0
4,5,6,"MCTS_PUCT",65.00,19.5,30,12,15,3,1607.5,1.6676,1.9410,0.3664,0.2000,78,1,0.3065,"OFF",0.0000,0
4,6,0,"MCTS_PUCT",58.33,17.5,30,10,15,5,1558.5,2.0728,2.1051,0.3721,0.2000,85,1,0.4532,"OFF",0.0000,0
4,7,10,"MCTS_PUCT",46.67,14.0,30,10,8,12,1476.8,1.9002,1.3227,0.3476,0.2000,34,0,0.0000,"OFF",0.0000,1
4,8,5,"MCTS_PUCT",45.00,13.5,30,10,7,13,1465.1,2.6798,2.7184,0.4082,0.2000,110,1,0.1659,"OFF",0.0000,1
4,9,9,"MCTS_PUCT",45.00,13.5,30,7,13,10,1465.1,1.9408,1.4728,0.3685,0.2000,29,1,0.0967,"OFF",0.0000,1
4,10,15,"MCTS_PUCT",45.00,13.5,30,7,13,10,1465.1,1.6069,1.2776,0.3349,0.2000,47,1,0.0000,"OFF",0.0000,1
4,11,13,"MCTS_PUCT",43.33,13.0,30,8,10,12,1453.4,1.6921,0.6273,0.3429,0.2000,33,0,0.0000,"OFF",0.0000,1
4,12,12,"MCTS_PUCT",35.00,10.5,30,8,5,17,1392.5,2.2223,0.8834,0.3504,0.2000,51,0,0.0000,"OFF",0.0000,1
4,13,2,"MCTS_PUCT",35.00,10.5,30,7,7,16,1392.5,2.7454,2.2299,0.3994,0.2000,77,1,0.2140,"OFF",0.0000,1
4,14,7,"MCTS_PUCT",35.00,10.5,30,6,9,15,1392.5,1.7164,1.0004,0.3532,0.2000,42,1,0.3059,"OFF",0.0000,1
4,15,8,"MCTS_PUCT",31.67,9.5,30,4,11,15,1366.4,1.5724,0.9375,0.3313,0.2000,41,0,0.0000,"OFF",0.0000,1
4,16,11,"MCTS_PUCT",28.33,8.5,30,5,7,18,1338.8,2.3539,1.2216,0.3553,0.2000,93,0,0.0000,"OFF",0.0000,1
5,1,14,"MCTS_PUCT",71.67,21.5,30,17,9,4,1661.2,2.6665,2.1473,0.3507,0.2000,29,0,0.0000,"OFF",0.0000,0
5,2,12,"MCTS_PUCT",70.00,21.0,30,14,14,2,1647.2,2.7183,2.0871,0.3470,0.2000,27,1,0.3408,"OFF",0.0000,0
5,3,0,"MCTS_PUCT",70.00,21.0,30,14,14,2,1647.2,1.5752,1.0843,0.3424,0.2000,46,1,0.1649,"OFF",0.0000,0
5,4,10,"MCTS_PUCT",66.67,20.0,30,13,14,3,1620.4,2.2055,1.3836,0.3679,0.2000,67,0,0.0000,"OFF",0.0000,0
5,5,15,"MCTS_PUCT",63.33,19.0,30,12,14,4,1594.9,2.7045,2.4659,0.3521,0.2000,59,1,0.3520,"OFF",0.0000,0
5,6,7,"MCTS_PUCT",61.67,18.5,30,12,13,5,1582.6,2.0419,1.9578,0.3697,0.2000,84,1,0.4054,"OFF",0.0000,0
5,7,6,"MCTS_PUCT",56.67,17.0,30,10,14,6,1546.6,1.6984,2.0883,0.3688,0.2000,79,1,0.3543,"OFF",0.0000,0
5,8,11,"MCTS_PUCT",55.00,16.5,30,10,13,7,1534.9,2.1112,1.4407,0.3489,0.2000,69,0,0.0000,"GOOD",0.0500,0
5,9,1,"MCTS_PUCT",53.33,16.0,30,9,14,7,1523.2,2.7183,2.1719,0.3470,0.2000,27,1,0.3408,"OFF",0.0000,0
5,10,3,"MCTS_PUCT",48.33,14.5,30,9,11,10,1488.4,2.6887,1.1333,0.3424,0.2000,100,0,0.0000,"BEST",0.0000,0
5,11,8,"MCTS_PUCT",43.33,13.0,30,9,8,13,1453.4,2.0927,2.1820,0.3474,0.2000,58,1,0.0899,"OFF",0.0000,1
5,12,5,"MCTS_PUCT",36.67,11.0,30,5,12,13,1405.1,1.9404,1.3897,0.3499,0.2000,35,0,0.0000,"OFF",0.0000,1
5,13,4,"MCTS_PUCT",33.33,10.0,30,5,10,15,1379.6,1.6072,1.3000,0.3535,0.2000,41,1,0.0000,"OFF",0.0000,1
5,14,2,"MCTS_PUCT",28.33,8.5,30,4,9,17,1338.8,1.5782,2.1558,0.3416,0.2000,58,1,0.0752,"OFF",0.0000,1
5,15,13,"MCTS_PUCT",25.00,7.5,30,2,11,17,1309.2,2.6798,2.7184,0.4082,0.2000,110,1,0.1659,"OFF",0.0000,1
5,16,9,"MCTS_PUCT",16.67,5.0,30,2,6,22,1220.4,2.4867,1.3169,0.3627,0.2000,83,0,0.0000,"OFF",0.0000,1
